time,compression,Page Size,Cluster Size,Cluster Bunch,throughput(MB/s),size(MB),memory,throughput_increase(%),size_decrease(%),memory_decrease(%),performance(%),accepted,writing_time,processing_time,throughput_0,throughput_1,throughput_2,throughput_3,throughput_4,throughput_5,throughput_6,throughput_7,throughput_8,throughput_9,throughput_10,throughput_11,throughput_12,throughput_13,throughput_14,throughput_15,throughput_16,throughput_17,throughput_18,throughput_19,memory_0,memory_1,memory_2,memory_3,memory_4,memory_5,memory_6,memory_7,memory_8,memory_9,memory_10,memory_11,memory_12,memory_13,memory_14,memory_15,memory_16,memory_17,memory_18,memory_19
23-04-25_17:36:46,lz4,65536,52428800,1,747.42,1091048421,395213.60,0.000,0.000,0.000,0.000,True,0.000,50.268,747.3,750.7,754.2,753.4,734.2,744.4,750.6,746.3,752.7,725.4,747.8,749.7,753.1,746.9,744.1,747.6,752.3,749.8,752.8,745.1,395084.0,394668.0,395120.0,395808.0,396472.0,395924.0,395972.0,395536.0,394900.0,394796.0,394764.0,394640.0,396540.0,394440.0,395188.0,394660.0,394484.0,394480.0,395820.0,394976.0
23-04-25_17:38:42,lz4,65536,104857600,1,977.41,1091061487,413454.00,30.771,-0.001,-4.615,8.718,True,66.038,49.532,972.5,970.5,1010.3,976.8,976.8,955.1,977.8,994.2,965.9,994.4,990.7,1003.0,977.3,967.3,965.5,965.5,992.1,953.4,971.8,967.5,430804.0,432188.0,402484.0,431300.0,371556.0,431844.0,371488.0,431812.0,431476.0,371480.0,400752.0,400520.0,371076.0,430744.0,432244.0,432080.0,400552.0,432064.0,431400.0,431216.0
23-04-25_17:40:37,lz4,65536,157286400,1,994.33,1091064035,359293.60,33.035,-0.001,9.089,14.041,True,65.177,49.966,990.1,985.2,979.8,991.9,1042.0,1019.5,979.2,981.3,986.5,1040.9,974.4,986.8,989.3,997.4,981.7,982.4,1041.2,976.6,989.8,970.4,359392.0,358996.0,359884.0,359708.0,358828.0,359020.0,359088.0,359760.0,359120.0,360448.0,359660.0,358932.0,359428.0,358416.0,358360.0,359776.0,359116.0,359916.0,359104.0,358920.0
23-04-25_17:42:34,lz4,65536,157286400,2,992.43,1091064035,434748.60,32.780,-0.001,-10.003,7.592,False,64.841,52.254,995.0,972.0,983.9,992.7,983.9,989.5,990.6,992.8,991.6,986.1,996.3,992.8,976.4,1010.7,1034.4,1007.7,984.1,978.8,996.2,993.2,418812.0,479772.0,480596.0,419884.0,480804.0,419048.0,419812.0,420304.0,420872.0,479772.0,419184.0,419296.0,419148.0,418832.0,419888.0,420152.0,480188.0,419304.0,419164.0,420140.0
23-04-25_17:44:35,zstd,65536,157286400,1,835.36,874250235,368504.60,11.765,19.871,6.758,12.798,False,65.556,55.823,835.3,839.8,831.0,828.1,829.3,827.9,829.9,835.1,851.6,843.3,837.8,832.2,859.3,835.4,829.4,832.3,836.5,833.4,822.9,836.6,368088.0,368976.0,368172.0,369520.0,367824.0,367608.0,369524.0,368144.0,368840.0,369028.0,368200.0,368168.0,368968.0,368108.0,368824.0,368524.0,368768.0,368752.0,368096.0,367960.0
23-04-25_17:46:31,lz4,65536,157286400,2,994.12,1091064035,440648.00,33.006,-0.001,-11.496,7.170,False,63.773,52.013,1001.6,987.2,994.6,1022.9,1026.6,1000.2,1002.5,989.5,991.1,1002.2,983.4,997.8,979.5,994.5,988.1,985.0,995.3,985.1,974.0,981.0,419280.0,419040.0,479748.0,419008.0,419372.0,420300.0,419424.0,420172.0,480232.0,419012.0,479712.0,420316.0,479544.0,480144.0,419408.0,419484.0,419056.0,420112.0,479704.0,479892.0
23-04-25_17:48:27,lz4,131072,157286400,1,1071.13,1085257652,387756.00,43.310,0.531,1.887,15.243,True,66.692,49.352,1084.8,1070.9,1085.4,1065.9,1074.4,1073.6,1065.8,1074.7,1069.6,1078.7,1051.7,1066.2,1074.4,1075.1,1062.6,1069.8,1060.6,1078.1,1063.8,1076.3,387700.0,387936.0,387684.0,387092.0,387440.0,387600.0,388160.0,387344.0,386884.0,387456.0,388488.0,388392.0,387788.0,387100.0,388580.0,388500.0,388172.0,387688.0,387464.0,387652.0
23-04-25_17:50:21,lz4,65536,157286400,1,963.86,1091064035,359332.40,28.959,-0.001,9.079,12.679,False,63.941,49.452,966.0,964.1,958.0,960.3,960.0,969.9,959.4,967.4,969.5,965.9,967.7,971.8,968.8,966.4,965.3,963.1,962.1,958.1,963.7,949.7,359468.0,359416.0,358784.0,359108.0,359912.0,359832.0,359116.0,358824.0,359924.0,358912.0,358784.0,359768.0,359832.0,359820.0,358556.0,359844.0,360456.0,358784.0,358688.0,358820.0
23-04-25_17:52:23,zstd,131072,157286400,1,964.93,875455134,342505.00,29.101,19.760,13.337,20.733,True,68.333,53.345,959.3,948.8,957.9,964.5,962.7,964.2,960.3,950.4,961.0,1005.0,963.3,964.6,969.4,956.5,954.5,962.8,956.4,965.2,1009.7,961.9,343116.0,342480.0,342128.0,342120.0,343060.0,343096.0,341980.0,342120.0,343840.0,342148.0,342144.0,342400.0,343088.0,342172.0,342384.0,343260.0,342124.0,342128.0,342132.0,342180.0
23-04-25_17:54:24,zstd,131072,157286400,2,906.89,875455134,415543.00,21.335,19.760,-5.144,11.984,False,67.465,54.235,779.5,676.6,614.8,660.8,944.2,964.4,959.1,965.5,961.0,964.4,967.7,964.6,966.6,978.1,959.7,959.4,957.9,964.7,962.9,965.7,418640.0,417516.0,393636.0,393436.0,418456.0,417740.0,418424.0,418140.0,418392.0,418804.0,417296.0,417448.0,418660.0,417716.0,417732.0,418632.0,417864.0,417700.0,417280.0,417348.0
23-04-25_17:56:27,zstd,131072,157286400,2,960.91,875455134,416522.80,28.563,19.760,-5.392,14.311,False,68.287,53.983,969.4,968.1,970.4,974.2,962.7,958.1,955.6,957.1,956.5,961.0,955.3,959.5,960.0,961.6,962.0,951.4,958.9,958.9,960.5,956.8,418684.0,417484.0,417496.0,392272.0,417512.0,417540.0,417844.0,417472.0,417740.0,418172.0,417524.0,418928.0,417624.0,417684.0,417844.0,417528.0,417532.0,418120.0,417624.0,417832.0
23-04-25_17:58:28,zstd,131072,104857600,1,958.46,875531619,353025.80,28.236,19.753,10.675,19.555,False,67.619,53.090,961.6,965.1,966.9,955.5,951.0,969.0,955.1,959.8,955.3,959.3,952.5,956.6,964.5,956.6,956.5,957.5,956.1,964.8,955.7,949.9,352528.0,352848.0,352736.0,352588.0,352680.0,353820.0,352612.0,352708.0,352896.0,352936.0,353648.0,352664.0,352952.0,353664.0,352892.0,353732.0,352924.0,353008.0,353028.0,353652.0
23-04-25_18:00:26,lz4,131072,157286400,1,1070.50,1085257652,387897.60,43.226,0.531,1.851,15.203,False,67.871,50.200,1070.2,1059.9,1066.1,1070.4,1060.3,1072.5,1067.5,1067.3,1059.6,1107.4,1113.8,1070.8,1072.0,1061.5,1060.3,1067.4,1060.1,1069.7,1066.9,1066.4,388436.0,387516.0,389132.0,387676.0,388044.0,387276.0,389132.0,388480.0,388568.0,387396.0,387348.0,387080.0,387516.0,387568.0,387240.0,387768.0,388108.0,388088.0,388392.0,387188.0
23-04-25_18:02:22,lz4,131072,157286400,1,1059.83,1085257652,387705.80,41.799,0.531,1.900,14.743,False,66.915,49.659,1052.9,1054.9,1051.8,1058.9,1060.9,1059.8,1078.2,1044.6,1055.2,1075.2,1051.3,1059.6,1062.7,1071.2,1059.6,1059.6,1061.1,1056.4,1060.3,1062.5,387260.0,387692.0,387260.0,388092.0,387340.0,387700.0,387340.0,387208.0,388348.0,388080.0,387356.0,388012.0,388344.0,387544.0,387584.0,388172.0,388492.0,387036.0,388156.0,387100.0
23-04-25_18:04:20,lz4,131072,157286400,1,1042.96,1085257652,387837.40,39.542,0.531,1.866,13.980,False,67.988,49.409,1041.2,1040.1,1043.7,1050.3,1038.6,1038.7,1055.9,1044.3,1050.1,1036.9,1038.8,1039.7,1047.1,1033.2,1039.0,1044.3,1042.1,1046.1,1044.2,1044.9,388432.0,387548.0,387316.0,387072.0,388560.0,388152.0,389072.0,387268.0,388496.0,387216.0,387760.0,387928.0,388196.0,387244.0,387584.0,387896.0,387108.0,388096.0,387444.0,388360.0
23-04-25_18:06:24,zstd,131072,157286400,2,899.61,875455134,416788.20,20.362,19.760,-5.459,11.554,False,70.010,54.287,841.3,742.5,696.0,671.0,643.1,957.4,961.2,961.7,957.6,965.3,962.1,974.0,954.5,956.4,959.5,956.7,959.6,960.8,952.9,958.6,417840.0,394108.0,418132.0,417956.0,417676.0,417752.0,417684.0,418116.0,417624.0,417520.0,418196.0,417580.0,417780.0,418628.0,418800.0,418420.0,417700.0,418628.0,417920.0,417704.0
23-04-25_18:08:26,zstd,131072,157286400,2,945.21,875455134,416944.20,26.463,19.760,-5.498,13.575,False,67.878,54.046,952.2,944.1,946.2,944.1,932.2,947.4,940.6,945.1,944.9,941.7,944.0,956.3,948.5,944.2,949.4,947.8,941.7,948.6,939.8,945.6,418572.0,417576.0,417852.0,418508.0,417676.0,419164.0,418620.0,417616.0,417644.0,419136.0,419456.0,393428.0,417528.0,418668.0,417748.0,418408.0,417500.0,417400.0,417740.0,418644.0
23-04-25_18:10:23,lz4,131072,157286400,1,1073.29,1085257652,388027.80,43.600,0.531,1.818,15.316,False,67.118,49.187,1062.8,1062.2,1110.2,1069.6,1073.9,1061.8,1086.6,1108.6,1068.9,1089.1,1063.6,1073.2,1072.8,1066.5,1072.0,1053.1,1054.4,1068.8,1073.5,1074.2,387748.0,388416.0,388912.0,388480.0,388488.0,387188.0,387444.0,388076.0,388116.0,388108.0,388268.0,387432.0,387472.0,388048.0,388388.0,388188.0,387408.0,388572.0,388508.0,387296.0
23-04-25_18:12:23,zstd,131072,157286400,2,956.72,875455134,416710.40,28.003,19.760,-5.439,14.108,False,66.888,53.841,963.4,954.1,952.9,958.7,948.4,958.5,955.1,957.6,951.7,951.5,952.8,963.8,952.3,966.6,959.6,960.6,957.0,954.0,954.8,961.0,417584.0,418552.0,419368.0,417924.0,417408.0,417916.0,418628.0,417340.0,417740.0,417904.0,417392.0,417980.0,417732.0,393104.0,418508.0,417648.0,417760.0,418644.0,417588.0,417488.0
23-04-25_18:14:21,lz4,131072,157286400,1,1053.91,1085257652,387926.40,41.006,0.531,1.844,14.460,False,68.316,49.250,1054.6,1056.6,1048.4,1058.3,1050.4,1058.1,1056.4,1057.1,1053.7,1046.6,1055.6,1052.7,1056.4,1057.6,1053.0,1044.2,1063.3,1034.6,1049.7,1070.7,388152.0,388120.0,387708.0,389124.0,388140.0,387452.0,387392.0,388172.0,387768.0,387564.0,387780.0,387340.0,387252.0,389028.0,387276.0,388896.0,388488.0,387304.0,388504.0,387068.0
23-04-25_18:16:18,lz4,131072,157286400,1,1056.23,1085257652,387756.20,41.316,0.531,1.887,14.578,False,68.097,49.158,1053.8,1055.1,1045.4,1059.0,1055.1,1058.2,1048.3,1054.3,1060.7,1054.9,1050.4,1059.7,1046.6,1046.7,1059.5,1057.4,1101.3,1054.7,1054.2,1049.2,388352.0,387268.0,387408.0,387068.0,388424.0,389136.0,388196.0,387884.0,387292.0,388248.0,387208.0,387208.0,387712.0,387236.0,387016.0,388116.0,387688.0,388544.0,387696.0,387424.0
23-04-25_18:18:20,zstd,131072,157286400,2,815.42,875455134,409324.40,9.098,19.760,-3.570,8.429,False,67.336,54.494,762.7,670.0,649.3,679.7,677.4,637.0,679.1,722.5,612.6,643.4,953.9,957.4,962.3,963.8,956.1,947.8,947.4,959.2,955.4,971.4,417844.0,392736.0,393104.0,417512.0,392656.0,393352.0,417876.0,417644.0,393160.0,418892.0,419224.0,417456.0,417732.0,393556.0,418096.0,417756.0,418352.0,418344.0,418620.0,392576.0
23-04-25_18:20:23,zstd,131072,104857600,1,976.20,875531619,353303.80,30.609,19.753,10.604,20.322,False,67.726,55.131,967.0,1002.0,953.3,957.5,965.4,960.7,1004.9,967.4,964.0,961.0,962.4,1014.2,1006.5,966.2,972.6,1015.3,1002.9,955.4,959.5,965.6,353732.0,353352.0,352928.0,352816.0,353748.0,352500.0,353708.0,353732.0,353344.0,353832.0,354360.0,354392.0,353396.0,352788.0,353396.0,352600.0,353324.0,352712.0,352704.0,352712.0
23-04-25_18:22:25,zstd,262144,157286400,1,1037.77,873129845,356534.20,38.847,19.973,9.787,22.869,True,69.122,52.981,1042.7,1043.2,1044.4,1047.4,1029.7,1051.2,1024.2,1014.6,1037.8,1044.0,1026.6,1038.8,1040.6,1037.2,1030.4,1038.0,1040.5,1047.9,1042.4,1033.7,370428.0,344792.0,345732.0,346312.0,370496.0,369704.0,344608.0,370116.0,370472.0,344504.0,344636.0,344668.0,345560.0,369796.0,369340.0,370116.0,371160.0,345592.0,346320.0,346332.0
23-04-25_18:24:29,zstd,262144,157286400,2,917.41,873129845,370683.20,22.743,19.973,6.207,16.308,False,69.608,53.679,830.3,779.9,706.9,740.0,721.1,683.3,637.9,917.5,1019.7,1030.6,1020.0,1028.3,1019.2,1030.6,1031.7,1018.3,1027.6,1028.8,1052.5,1024.0,369844.0,370952.0,370952.0,371392.0,370988.0,371324.0,369840.0,370720.0,371316.0,370588.0,370948.0,370936.0,371380.0,370164.0,370276.0,370340.0,370964.0,370024.0,370584.0,370132.0
23-04-25_18:26:30,zstd,262144,104857600,1,1031.66,873161275,366557.00,38.029,19.970,7.251,21.750,False,68.655,52.681,1052.1,1029.8,1027.2,1038.0,1060.9,1042.5,1022.4,1036.0,1036.4,1045.4,1027.9,1022.7,1018.9,1031.1,1006.6,1027.7,1024.6,1025.6,1022.7,1034.8,353692.0,378720.0,354796.0,380000.0,353460.0,378088.0,353632.0,354760.0,354916.0,379568.0,378624.0,379512.0,378308.0,378304.0,379940.0,353820.0,354748.0,354012.0,378468.0,353772.0
23-04-25_18:28:33,zstd,262144,104857600,1,1020.06,873161275,366603.20,36.477,19.970,7.239,21.229,True,70.068,52.793,1021.2,1028.3,1007.3,1021.9,1005.1,1017.0,1002.0,1031.0,1027.4,989.7,1025.5,1027.3,1028.7,1014.1,1027.8,1019.2,1019.6,1026.7,1031.9,1029.5,354484.0,354476.0,378368.0,354016.0,378784.0,355404.0,378356.0,379968.0,353664.0,353944.0,379468.0,353716.0,354900.0,380192.0,378296.0,378544.0,379168.0,353592.0,378940.0,353784.0
23-04-25_18:30:35,zstd,262144,52428800,1,1039.86,873129489,349209.40,39.126,19.973,11.640,23.580,True,68.954,52.799,1034.4,1033.6,1039.0,1037.2,1041.3,1041.7,1049.0,1045.3,1030.8,1049.4,1028.2,1037.2,1042.6,1036.5,1033.6,1041.4,1061.3,1036.4,1044.8,1033.5,348836.0,349640.0,349644.0,348872.0,348544.0,348952.0,349364.0,348900.0,348568.0,349368.0,349348.0,349724.0,348940.0,348556.0,348856.0,349812.0,349352.0,348960.0,350372.0,349580.0
23-04-25_18:32:37,zstd,131072,52428800,1,953.18,875508317,347901.60,27.529,19.755,11.971,19.752,False,68.511,53.343,948.0,952.2,948.9,941.4,949.5,943.9,944.9,950.9,952.1,953.9,948.3,1002.6,955.5,957.2,949.1,948.5,955.1,953.9,953.7,954.0,347324.0,348052.0,347992.0,348044.0,348284.0,348456.0,347572.0,347600.0,348344.0,347996.0,348004.0,348016.0,347164.0,347316.0,348272.0,347144.0,348492.0,347600.0,349036.0,347324.0
23-04-25_18:34:35,lz4,262144,52428800,1,1164.66,1081420255,364250.40,55.823,0.882,7.835,21.514,False,69.219,48.939,1233.3,1153.6,1166.8,1177.1,1154.4,1131.3,1163.7,1165.0,1181.2,1160.7,1145.6,1198.5,1167.9,1145.1,1145.7,1165.0,1168.1,1198.0,1146.5,1125.3,364212.0,364792.0,364832.0,365528.0,363976.0,363736.0,364084.0,364096.0,363500.0,363908.0,364164.0,363768.0,364896.0,364764.0,363884.0,364996.0,363836.0,364496.0,363864.0,363676.0
23-04-25_18:36:39,zstd,262144,52428800,2,927.85,873129489,398700.00,24.140,19.973,-0.882,14.410,False,70.043,53.807,877.8,768.6,832.9,722.7,708.7,972.0,872.9,852.2,723.7,921.5,1024.7,1028.7,1034.6,1037.6,1033.2,1029.1,1028.6,1027.8,1027.7,1032.0,399048.0,398792.0,399124.0,398308.0,399816.0,398792.0,397984.0,398364.0,399156.0,399264.0,398476.0,398324.0,399120.0,398332.0,398452.0,398388.0,398144.0,398128.0,399176.0,398812.0
23-04-25_18:38:33,zstd,524288,52428800,1,1119.20,866518344,354809.00,49.741,20.579,10.223,26.848,True,61.210,52.768,1120.8,1154.3,1122.6,1122.8,1074.1,1171.2,1095.7,1130.8,1123.7,1069.7,1139.5,1120.0,1094.9,1088.2,1209.8,1093.6,1123.1,1129.0,1093.4,1106.8,354320.0,355096.0,355608.0,354924.0,354520.0,354360.0,355272.0,354908.0,354796.0,354236.0,355052.0,355044.0,354272.0,354144.0,354120.0,355932.0,354168.0,354852.0,355316.0,355240.0
23-04-25_18:40:33,lz4,524288,52428800,1,1341.55,1079210822,399920.40,79.491,1.085,-1.191,26.462,False,70.485,49.112,1313.1,1319.2,1318.6,1311.1,1317.2,1308.4,1326.6,1307.8,1319.8,1327.3,1474.9,1318.7,1406.5,1469.8,1323.5,1321.7,1318.8,1324.5,1390.1,1313.5,400440.0,400544.0,399372.0,399808.0,400448.0,400184.0,399096.0,399136.0,400208.0,400200.0,400116.0,401148.0,399116.0,399140.0,399516.0,399364.0,400448.0,399484.0,400176.0,400464.0
23-04-25_18:42:29,zstd,524288,52428800,2,1054.87,866518344,452362.20,41.135,20.579,-14.460,15.751,False,62.471,53.264,822.4,777.4,753.2,1103.3,1100.1,1106.6,1104.7,1109.7,1094.9,1103.5,1095.4,1098.7,1102.9,1095.7,1121.4,1088.2,1099.2,1095.8,1123.0,1101.6,453456.0,453428.0,452064.0,451744.0,451748.0,452076.0,451772.0,453408.0,451584.0,453444.0,451744.0,451656.0,452012.0,451996.0,452080.0,451988.0,452072.0,452876.0,452656.0,453440.0
23-04-25_18:44:22,zstd,524288,104857600,1,1117.44,866554332,384574.20,49.506,20.576,2.692,24.258,False,60.692,52.572,1109.4,1105.0,1103.1,1113.0,1105.7,1097.4,1187.6,1110.2,1103.8,1111.4,1111.2,1114.9,1128.6,1104.4,1105.0,1111.6,1126.1,1168.7,1108.7,1122.9,384492.0,385264.0,384348.0,385172.0,384560.0,384240.0,385300.0,384916.0,384916.0,384432.0,384208.0,384284.0,384288.0,384180.0,384204.0,385184.0,384220.0,385216.0,384016.0,384044.0
23-04-25_18:46:22,lz4,524288,52428800,1,1321.16,1079210822,399972.20,76.762,1.085,-1.204,25.548,True,71.541,48.863,1314.3,1308.1,1397.3,1309.4,1325.5,1327.2,1325.3,1322.1,1306.1,1307.8,1305.2,1306.0,1309.9,1318.2,1316.8,1310.0,1319.2,1316.9,1335.5,1342.3,400608.0,399076.0,399608.0,399704.0,400620.0,399240.0,399656.0,400620.0,399696.0,399496.0,400648.0,399456.0,399820.0,401132.0,399348.0,400616.0,400532.0,399600.0,400176.0,399792.0
23-04-25_18:48:23,lz4,524288,104857600,1,1298.40,1079200433,415683.20,73.717,1.086,-5.179,23.208,False,70.390,50.128,1290.2,1282.5,1315.8,1322.8,1284.2,1310.2,1249.6,1283.8,1301.6,1230.9,1342.4,1304.5,1268.7,1416.9,1318.0,1339.1,1293.6,1278.5,1258.7,1276.0,405672.0,403924.0,404628.0,432180.0,404840.0,403844.0,431772.0,404108.0,405420.0,433220.0,432868.0,404180.0,431880.0,404848.0,404872.0,404932.0,404620.0,431464.0,431652.0,432740.0
23-04-25_18:50:24,lz4,524288,41943040,1,1244.96,1079339265,354392.60,66.567,1.073,10.329,25.990,True,71.522,49.039,1247.2,1250.1,1243.3,1245.7,1246.1,1226.9,1252.8,1244.3,1229.4,1253.3,1218.5,1245.4,1276.1,1231.5,1246.5,1241.5,1246.1,1232.5,1250.5,1271.2,355004.0,354612.0,354660.0,354180.0,354044.0,355644.0,353856.0,355088.0,353608.0,354304.0,354288.0,353792.0,353776.0,354888.0,355008.0,353896.0,354204.0,354200.0,354940.0,353860.0
23-04-25_18:52:24,lz4,524288,41943040,2,1287.58,1079339265,424931.80,72.270,1.073,-7.520,21.941,False,70.654,49.426,1253.8,1273.7,1277.2,1312.0,1273.8,1273.6,1270.1,1272.6,1263.3,1383.7,1276.5,1285.3,1241.1,1270.0,1309.2,1297.5,1275.0,1277.5,1315.9,1349.7,431336.0,431440.0,432156.0,405324.0,430852.0,431188.0,431124.0,431092.0,431552.0,406472.0,430152.0,431208.0,431116.0,432136.0,405744.0,405376.0,431308.0,432884.0,405144.0,431032.0
23-04-25_18:54:18,zstd,524288,41943040,1,1097.40,866518976,378886.00,46.825,20.579,4.131,23.845,True,60.933,52.810,1087.4,1101.6,1073.8,1103.1,1104.6,1090.5,1087.2,1136.9,1072.7,1090.2,1094.9,1108.6,1110.3,1142.1,1093.9,1089.6,1091.5,1090.2,1090.4,1088.5,378732.0,378768.0,378644.0,379572.0,378620.0,379512.0,378416.0,378624.0,379628.0,378640.0,378868.0,378384.0,378332.0,379648.0,378432.0,379524.0,378684.0,379496.0,378676.0,378520.0
23-04-25_18:56:14,zstd,524288,41943040,2,1112.77,866518976,451553.60,48.881,20.579,-14.256,18.401,False,63.675,52.987,1144.5,1114.1,1095.9,1117.4,1096.0,1125.1,1113.1,1100.5,1113.4,1104.7,1122.5,1112.4,1101.2,1124.2,1103.0,1143.0,1104.5,1093.2,1113.5,1113.1,451140.0,451508.0,451228.0,451352.0,451224.0,451068.0,451908.0,451172.0,451516.0,451548.0,451512.0,451976.0,451284.0,452276.0,452944.0,452232.0,451172.0,451156.0,451580.0,451276.0
23-04-25_18:58:07,zstd,524288,31457280,1,1199.14,865608526,342248.00,60.437,20.663,13.402,31.501,True,60.756,52.170,1152.8,1160.0,1166.8,1170.7,1171.6,1174.6,1169.4,1173.7,1169.3,1178.2,1159.3,1166.9,1254.2,1249.1,1244.1,1244.7,1236.3,1271.2,1226.4,1243.5,357748.0,338204.0,337600.0,340344.0,338776.0,339056.0,338696.0,339308.0,337940.0,356924.0,338248.0,337476.0,338356.0,338188.0,357024.0,338556.0,356868.0,338864.0,338960.0,337824.0
23-04-25_19:00:02,zstd,524288,41943040,1,1106.19,866518976,378987.20,48.002,20.579,4.106,24.229,False,61.587,52.982,1098.8,1105.3,1096.0,1093.9,1107.0,1099.1,1108.4,1106.7,1094.9,1105.9,1228.4,1096.8,1073.8,1106.1,1092.5,1093.3,1103.8,1114.0,1099.3,1099.8,378536.0,378608.0,379196.0,378348.0,379508.0,379224.0,378520.0,379496.0,378532.0,379252.0,378572.0,378512.0,380200.0,379476.0,378392.0,378776.0,378832.0,379464.0,379464.0,378836.0
23-04-25_19:01:55,zstd,524288,20971520,1,1194.38,864816929,314500.60,59.801,20.735,20.423,33.653,True,60.797,52.318,1183.1,1183.0,1193.3,1195.9,1197.7,1187.5,1199.2,1200.1,1189.0,1192.3,1189.2,1193.3,1220.2,1198.3,1218.2,1183.5,1196.4,1188.1,1197.0,1182.4,314504.0,314220.0,314216.0,315092.0,314432.0,314944.0,314256.0,314124.0,315224.0,313980.0,314960.0,314708.0,313932.0,315224.0,314204.0,313820.0,315636.0,313928.0,314276.0,314332.0
23-04-25_19:03:50,zstd,524288,20971520,2,1171.25,864816929,339740.60,56.706,20.735,14.036,30.493,False,62.017,52.675,1155.3,1167.1,1180.3,1152.4,1216.1,1165.1,1179.7,1153.2,1179.5,1173.4,1173.0,1170.0,1154.4,1180.4,1174.5,1175.2,1161.0,1171.5,1168.0,1174.9,340080.0,340032.0,339284.0,340088.0,339160.0,340020.0,340096.0,338936.0,340732.0,339312.0,340208.0,339392.0,339028.0,339372.0,340020.0,339180.0,340164.0,339696.0,339300.0,340712.0
23-04-25_19:05:43,zstd,524288,20971520,2,1172.70,864816929,339495.20,56.900,20.735,14.098,30.578,False,60.380,52.649,1171.0,1164.2,1176.3,1165.7,1165.7,1166.0,1208.6,1176.3,1168.8,1160.6,1155.6,1174.1,1164.7,1163.1,1180.6,1177.1,1173.4,1199.2,1178.6,1164.4,339216.0,338892.0,339052.0,339224.0,338928.0,340000.0,338948.0,339324.0,340064.0,340724.0,339236.0,339416.0,339092.0,340712.0,339496.0,339192.0,339016.0,340056.0,340024.0,339292.0
23-04-25_19:07:45,zstd,262144,20971520,1,1093.04,870598331,315648.60,46.242,20.205,20.132,28.860,False,69.964,52.126,1090.1,1075.1,1083.7,1094.6,1098.3,1078.4,1096.5,1142.1,1087.7,1080.1,1098.6,1093.3,1100.0,1087.9,1089.1,1092.2,1093.9,1096.3,1085.6,1097.2,310892.0,323640.0,325220.0,310840.0,310788.0,324444.0,310660.0,311840.0,311524.0,323660.0,310564.0,311844.0,311172.0,324216.0,323564.0,311580.0,310800.0,310824.0,323932.0,310968.0
23-04-25_19:09:45,lz4,524288,20971520,1,1412.22,1078999291,331986.80,88.946,1.104,15.998,35.350,True,71.362,48.598,1377.5,1407.1,1418.9,1412.6,1397.2,1451.2,1425.7,1476.8,1409.2,1423.0,1380.6,1421.5,1427.5,1399.9,1396.9,1404.8,1399.7,1403.8,1413.3,1397.1,338940.0,337828.0,326184.0,327676.0,338204.0,325660.0,327344.0,339320.0,326328.0,338012.0,338056.0,326352.0,326472.0,337812.0,337536.0,327208.0,340068.0,326152.0,327540.0,327044.0
23-04-25_19:11:45,lz4,524288,20971520,2,1406.53,1078999291,362341.40,88.185,1.104,8.318,32.536,False,70.771,48.826,1398.7,1425.0,1387.8,1391.7,1396.3,1400.9,1397.5,1415.5,1383.9,1411.2,1433.6,1401.5,1412.1,1399.7,1396.5,1418.9,1415.2,1402.3,1404.7,1437.7,361904.0,361540.0,362684.0,362360.0,362724.0,363276.0,363720.0,362620.0,361560.0,362200.0,362684.0,363168.0,361176.0,361912.0,362012.0,361436.0,361612.0,363160.0,363708.0,361372.0
23-04-25_19:13:44,lz4,524288,31457280,1,1366.53,1079230179,342544.80,82.833,1.083,13.327,32.414,False,70.492,48.846,1366.6,1365.2,1340.5,1368.9,1377.2,1373.6,1359.5,1374.6,1373.2,1346.4,1372.3,1362.0,1369.6,1334.5,1376.5,1371.7,1382.5,1371.2,1375.0,1369.5,336732.0,337564.0,355028.0,336640.0,337368.0,355964.0,336904.0,337704.0,336332.0,355288.0,337604.0,355252.0,337568.0,354896.0,336728.0,337616.0,336228.0,337556.0,336892.0,355032.0
23-04-25_19:15:45,lz4,524288,20971520,2,1501.23,1078999291,362827.60,100.855,1.104,8.195,36.718,True,72.338,48.298,1401.6,1379.4,1396.2,1433.3,1403.8,1548.0,1520.2,1520.6,1531.4,1557.0,1535.4,1522.0,1538.1,1525.8,1551.6,1519.3,1551.4,1523.4,1552.2,1513.9,361472.0,362232.0,362692.0,362492.0,361740.0,362628.0,361624.0,361180.0,362544.0,361560.0,362984.0,362616.0,361812.0,363000.0,361460.0,374712.0,362932.0,363080.0,361428.0,362364.0
23-04-25_19:17:40,zstd,524288,20971520,2,1173.93,864816929,339672.40,57.064,20.735,14.053,30.618,False,62.379,52.610,1170.6,1169.8,1184.3,1179.7,1194.1,1163.7,1183.2,1172.7,1193.8,1168.6,1175.1,1158.1,1166.7,1178.9,1160.9,1172.5,1171.8,1167.3,1170.9,1175.9,340244.0,340668.0,339740.0,339264.0,339248.0,339080.0,339040.0,340072.0,339172.0,340060.0,339248.0,339264.0,340676.0,340100.0,338944.0,339680.0,339300.0,340040.0,340740.0,338868.0
23-04-25_19:19:41,lz4,524288,31457280,2,1365.29,1079230179,374315.20,82.667,1.083,5.288,29.679,False,71.673,49.695,1316.9,1310.9,1344.6,1317.4,1330.4,1340.7,1323.5,1301.0,1344.0,1404.0,1341.7,1319.6,1460.0,1436.5,1427.7,1468.9,1400.7,1324.2,1322.8,1470.6,375352.0,373652.0,374356.0,373320.0,376324.0,374760.0,373924.0,373888.0,373108.0,374716.0,373560.0,373104.0,374208.0,374232.0,374472.0,373712.0,374236.0,374500.0,375340.0,375540.0
23-04-25_19:21:40,lz4,262144,20971520,2,1229.60,1081597519,346337.40,64.513,0.866,12.367,25.915,False,69.234,48.854,1230.1,1224.7,1234.0,1217.7,1231.5,1274.5,1227.2,1222.2,1216.5,1252.4,1210.1,1215.6,1223.0,1251.4,1221.2,1224.5,1231.2,1230.6,1223.1,1230.4,335876.0,348816.0,347756.0,348924.0,348120.0,347704.0,336860.0,347516.0,348092.0,347668.0,348828.0,348204.0,348940.0,347796.0,335444.0,348180.0,347712.0,347960.0,348732.0,347620.0
23-04-25_19:23:38,lz4,262144,20971520,2,1243.76,1081597519,343200.60,66.407,0.866,13.161,26.811,False,68.962,48.943,1234.6,1233.9,1250.8,1224.5,1231.6,1227.5,1253.6,1232.1,1252.8,1234.3,1235.3,1261.1,1288.3,1231.6,1258.2,1272.6,1231.4,1244.9,1239.4,1236.9,334972.0,335816.0,348924.0,348692.0,349512.0,347668.0,348756.0,336180.0,334960.0,347636.0,347728.0,335128.0,335092.0,335116.0,348932.0,335124.0,348864.0,347588.0,347784.0,349540.0
23-04-25_19:25:38,lz4,1048576,20971520,2,1630.68,1078480886,353903.40,118.175,1.152,10.453,43.260,True,71.603,48.783,1514.5,1520.4,1546.1,1521.5,1527.5,1518.8,1670.4,1683.1,1673.0,1670.2,1689.9,1667.4,1725.7,1665.7,1683.7,1679.7,1673.4,1662.8,1662.1,1657.8,353292.0,353536.0,355156.0,353592.0,354372.0,353428.0,353480.0,353284.0,354132.0,353396.0,354364.0,353720.0,353604.0,354060.0,354432.0,353564.0,354624.0,354460.0,353848.0,353724.0
23-04-25_19:27:39,lz4,1048576,20971520,1,1477.28,1078480886,337863.20,97.651,1.152,14.511,37.771,False,72.101,49.114,1470.2,1432.4,1455.1,1493.9,1455.4,1531.0,1441.0,1480.6,1480.9,1482.4,1508.9,1482.5,1461.6,1420.1,1477.2,1486.4,1463.9,1440.5,1468.3,1613.5,343768.0,343032.0,330844.0,331136.0,342484.0,332000.0,342716.0,342872.0,331712.0,331896.0,342664.0,342696.0,342096.0,342808.0,332676.0,331700.0,331424.0,343616.0,332264.0,342860.0
23-04-25_19:29:42,lz4,2097152,20971520,2,1533.71,1078480886,354088.40,105.201,1.152,10.406,38.920,False,73.494,49.176,1529.7,1517.3,1530.3,1535.1,1536.8,1540.5,1534.2,1532.9,1535.0,1576.8,1544.6,1524.1,1522.6,1524.8,1544.2,1529.7,1541.2,1524.7,1528.1,1521.6,354436.0,355144.0,355172.0,353632.0,353076.0,353724.0,354376.0,353112.0,354364.0,353356.0,353264.0,354596.0,353592.0,353500.0,354504.0,354144.0,354508.0,354352.0,355148.0,353768.0
23-04-25_19:31:46,lz4,1048576,20971520,1,1475.21,1078480886,339836.80,97.373,1.152,14.012,37.512,False,74.373,49.245,1452.1,1452.6,1460.7,1494.5,1474.8,1487.9,1540.1,1470.4,1441.5,1482.7,1461.0,1469.7,1445.1,1478.6,1489.1,1463.6,1479.1,1484.7,1483.2,1492.8,343588.0,342252.0,341936.0,341208.0,342752.0,330620.0,332752.0,342200.0,341700.0,342112.0,332628.0,343664.0,342984.0,342836.0,341736.0,330976.0,341892.0,342836.0,333496.0,342568.0
23-04-25_19:33:47,lz4,1048576,20971520,1,1470.87,1078480886,338756.00,96.792,1.152,14.285,37.410,False,72.273,49.130,1446.9,1468.7,1444.9,1480.3,1443.0,1481.0,1469.9,1495.6,1435.4,1488.8,1467.8,1468.6,1459.5,1543.0,1419.3,1521.4,1478.6,1462.4,1439.1,1503.1,343028.0,341584.0,341824.0,342784.0,341964.0,342236.0,342240.0,331756.0,343984.0,341808.0,343592.0,331308.0,332880.0,332004.0,342116.0,332184.0,342604.0,342676.0,331544.0,331004.0
23-04-25_19:35:48,lz4,1048576,20971520,3,1481.14,1078480886,375633.60,98.167,1.152,4.954,34.758,False,71.078,49.708,1491.3,1462.2,1487.2,1477.9,1473.1,1461.9,1500.9,1518.1,1477.6,1464.4,1465.9,1478.5,1474.6,1466.5,1473.2,1485.7,1529.1,1472.6,1476.0,1486.2,375524.0,375272.0,375056.0,376524.0,376312.0,375340.0,375312.0,375368.0,375072.0,376024.0,375352.0,375588.0,375412.0,375304.0,375416.0,375344.0,375764.0,375736.0,376548.0,376404.0
23-04-25_19:37:48,lz4,524288,20971520,2,1398.42,1078999291,362243.40,87.100,1.104,8.342,32.182,False,70.746,49.034,1426.8,1417.4,1421.2,1394.0,1399.8,1399.0,1380.7,1386.6,1397.4,1382.5,1377.5,1448.3,1384.9,1397.7,1392.8,1405.6,1373.8,1411.4,1378.5,1392.4,361548.0,361824.0,362188.0,362052.0,361464.0,361808.0,363076.0,361672.0,363648.0,363056.0,362640.0,361628.0,361660.0,362660.0,362660.0,361376.0,363096.0,361336.0,362732.0,362744.0
23-04-25_19:39:51,lz4,1048576,31457280,2,1356.83,1078353583,396877.20,81.535,1.164,-0.421,27.426,False,73.451,49.676,1354.3,1369.0,1365.9,1353.6,1370.4,1342.6,1361.4,1365.6,1354.7,1346.9,1362.8,1363.7,1360.4,1353.7,1353.7,1361.3,1355.9,1355.1,1335.8,1349.9,397404.0,396484.0,396320.0,396792.0,396064.0,397484.0,396292.0,397484.0,397408.0,396504.0,398072.0,396324.0,396304.0,397444.0,397544.0,396464.0,397364.0,396240.0,397448.0,396104.0
23-04-25_19:41:50,zstd,1048576,20971520,2,1225.63,864455432,337334.20,63.981,20.768,14.645,33.132,False,65.240,53.439,1231.3,1211.5,1208.2,1218.9,1227.0,1215.6,1235.0,1225.9,1216.0,1233.7,1222.0,1231.4,1228.5,1226.6,1234.5,1230.0,1227.8,1228.2,1231.8,1228.7,336568.0,336328.0,337016.0,336552.0,336320.0,336200.0,336536.0,336632.0,336580.0,336976.0,336304.0,348364.0,337252.0,337320.0,336320.0,336928.0,336540.0,337640.0,336992.0,337316.0
23-04-25_19:43:50,lz4,524288,20971520,2,1414.43,1078999291,362363.80,89.242,1.104,8.312,32.886,False,71.035,48.954,1397.0,1397.8,1436.9,1403.4,1388.2,1415.0,1425.0,1422.5,1406.4,1449.8,1409.3,1414.5,1414.6,1410.9,1417.5,1406.8,1465.5,1393.2,1427.0,1387.5,363164.0,363116.0,361476.0,363012.0,362224.0,362280.0,362684.0,362516.0,362544.0,361560.0,363152.0,361124.0,362220.0,362396.0,361628.0,362612.0,362472.0,362936.0,362272.0,361888.0
23-04-25_19:45:49,lz4,1048576,10485760,2,1622.05,1079825345,315945.00,117.020,1.029,20.057,46.035,True,71.380,48.158,1567.6,1554.0,1539.9,1557.1,1549.5,1546.7,1545.7,1560.4,1553.9,1559.5,1540.5,1565.1,1712.1,1726.8,1775.0,1724.8,1732.9,1703.1,1725.3,1701.3,316196.0,316372.0,315088.0,316448.0,316756.0,315244.0,315764.0,316464.0,315932.0,316264.0,315084.0,315724.0,315984.0,315176.0,315996.0,316740.0,315644.0,315464.0,316448.0,316112.0
23-04-25_19:47:48,lz4,1048576,10485760,3,1668.57,1079825345,332226.60,123.244,1.029,15.937,46.737,True,70.248,47.930,1599.3,1557.3,1588.7,1589.0,1590.0,1558.9,1568.6,1577.4,1736.4,1729.7,1738.3,1716.6,1733.0,1715.8,1711.8,1726.9,1770.5,1697.7,1731.5,1734.1,331932.0,332040.0,332744.0,331812.0,332664.0,332612.0,331752.0,332252.0,331564.0,332220.0,332528.0,332248.0,332000.0,332376.0,332404.0,332676.0,333436.0,331916.0,331560.0,331796.0
23-04-25_19:49:49,lz4,1048576,20971520,3,1469.88,1078480886,375900.40,96.660,1.152,4.887,34.233,False,71.675,49.797,1464.3,1462.8,1481.9,1455.8,1472.7,1476.0,1480.9,1477.7,1462.2,1465.2,1463.0,1473.2,1462.5,1456.8,1469.9,1467.0,1471.9,1467.7,1484.8,1481.3,376356.0,375404.0,376540.0,375528.0,375476.0,377092.0,375756.0,375392.0,375304.0,375312.0,375056.0,375252.0,376536.0,375760.0,376072.0,376532.0,376396.0,376396.0,376400.0,375448.0
23-04-25_19:51:49,lz4,524288,10485760,3,1555.69,1079825339,332428.00,108.142,1.029,15.886,41.686,False,71.782,48.482,1549.7,1559.0,1549.3,1552.8,1573.1,1558.0,1550.3,1539.4,1551.0,1589.7,1553.2,1558.5,1550.8,1546.5,1607.3,1539.7,1541.7,1549.3,1549.6,1544.6,332716.0,332028.0,333684.0,332820.0,332088.0,332456.0,331784.0,333252.0,331624.0,331496.0,333152.0,332012.0,331744.0,331488.0,332360.0,332812.0,332004.0,332764.0,332800.0,333476.0
23-04-25_19:53:48,lz4,1048576,10485760,2,1643.58,1079825345,316223.20,119.901,1.029,19.987,46.972,True,70.378,48.119,1555.4,1561.4,1554.0,1542.6,1728.7,1743.5,1555.4,1572.1,1557.1,1555.8,1555.8,1543.3,1718.4,1773.0,1728.0,1729.1,1724.8,1727.9,1727.4,1718.0,315848.0,316440.0,315320.0,316372.0,316732.0,316420.0,316408.0,316764.0,317400.0,316140.0,315160.0,315656.0,315968.0,316768.0,315996.0,315652.0,316844.0,315660.0,316476.0,316440.0
23-04-25_19:55:48,lz4,1048576,10485760,3,1571.70,1079825345,332147.60,110.284,1.029,15.957,42.423,False,70.939,48.522,1575.3,1568.4,1558.9,1575.2,1579.2,1590.5,1566.1,1571.9,1589.8,1560.1,1556.9,1569.9,1563.2,1555.4,1564.2,1626.2,1568.3,1570.5,1564.5,1559.8,331856.0,332832.0,331492.0,332020.0,332276.0,332256.0,331844.0,332044.0,332064.0,332268.0,332856.0,333732.0,331684.0,332588.0,331780.0,332240.0,331228.0,332728.0,331504.0,331660.0
23-04-25_19:57:44,zstd,1048576,10485760,2,1238.28,861535177,313831.20,65.674,21.036,20.592,35.767,False,63.354,52.536,1239.5,1241.5,1230.5,1237.4,1237.4,1233.8,1243.8,1233.7,1237.4,1240.8,1221.5,1241.9,1238.7,1237.3,1241.1,1243.5,1238.8,1241.4,1246.2,1239.5,312672.0,313396.0,313336.0,314532.0,314140.0,314460.0,315100.0,313400.0,312916.0,314476.0,314148.0,315044.0,313792.0,312860.0,313428.0,314480.0,313444.0,313564.0,314408.0,313028.0
23-04-25_19:59:44,lz4,1048576,10485760,3,1611.47,1079825345,332185.60,115.605,1.029,15.948,44.194,False,71.805,48.225,1569.4,1553.3,1571.8,1568.2,1719.9,1726.6,1710.2,1731.6,1725.0,1729.7,1566.5,1569.2,1550.7,1566.8,1551.8,1558.1,1568.2,1570.8,1567.4,1554.4,333140.0,331520.0,332424.0,331532.0,333124.0,332524.0,332672.0,332484.0,331720.0,331712.0,333080.0,332204.0,332220.0,331940.0,331932.0,331208.0,331936.0,332576.0,332472.0,331292.0
23-04-25_20:01:42,lz4,1048576,10485760,3,1557.45,1079825345,332321.20,108.377,1.029,15.914,41.773,False,70.062,48.595,1554.1,1544.5,1552.1,1547.3,1546.6,1562.3,1548.3,1566.3,1557.3,1562.4,1537.5,1557.9,1568.9,1571.9,1563.3,1558.2,1556.5,1558.2,1573.8,1561.7,332268.0,333692.0,333224.0,331860.0,331156.0,332708.0,331692.0,332092.0,331780.0,332024.0,331448.0,332748.0,332308.0,332884.0,333100.0,333328.0,331648.0,331672.0,332260.0,332532.0
23-04-25_20:03:42,lz4,1048576,10485760,1,1526.77,1079825345,305231.20,104.272,1.029,22.768,42.690,False,71.651,48.248,1520.9,1538.2,1524.1,1518.4,1523.2,1517.4,1517.8,1525.4,1528.2,1514.6,1507.0,1524.7,1528.8,1531.9,1527.3,1537.2,1530.5,1524.5,1544.2,1551.4,304272.0,305340.0,304756.0,304352.0,303776.0,305320.0,305752.0,304016.0,304280.0,309708.0,305476.0,309240.0,304956.0,300064.0,305124.0,304028.0,304604.0,304776.0,304672.0,310112.0
23-04-25_20:05:37,zstd,1048576,10485760,2,1231.37,861535177,313443.60,64.749,21.036,20.690,35.492,False,61.925,52.535,1239.4,1229.0,1235.8,1242.5,1226.5,1235.7,1233.1,1224.5,1231.9,1234.6,1222.0,1232.6,1226.7,1229.0,1232.7,1230.4,1222.2,1233.4,1236.5,1229.0,314500.0,312536.0,313784.0,312672.0,313324.0,312636.0,313348.0,313436.0,313464.0,314432.0,312940.0,313620.0,314068.0,312900.0,313640.0,313800.0,313344.0,313464.0,314424.0,312540.0
23-04-25_20:07:36,lz4,2097152,10485760,2,1556.92,1079825345,316057.80,108.306,1.029,20.029,43.121,False,70.531,48.285,1555.5,1550.5,1560.9,1545.8,1569.9,1556.2,1557.9,1554.6,1552.6,1552.3,1550.0,1558.4,1566.5,1548.0,1557.1,1552.3,1568.9,1556.7,1565.0,1559.7,314940.0,316260.0,316412.0,315916.0,316120.0,316840.0,315596.0,315476.0,316692.0,316756.0,317360.0,315996.0,315300.0,316160.0,315860.0,315620.0,315824.0,315588.0,316808.0,315632.0
23-04-25_20:09:29,zstd,1048576,10485760,2,1238.42,861535177,313567.00,65.693,21.036,20.659,35.796,False,60.994,52.572,1234.1,1245.8,1239.6,1241.5,1234.5,1239.8,1236.6,1240.8,1236.7,1240.4,1240.0,1245.1,1243.9,1233.9,1236.3,1234.6,1221.0,1237.8,1245.3,1240.8,313476.0,312576.0,313004.0,314292.0,313660.0,313676.0,313680.0,314304.0,313600.0,313700.0,313700.0,313704.0,313648.0,312616.0,312640.0,314064.0,314428.0,313356.0,312884.0,314332.0
23-04-25_20:11:31,lz4,1048576,20971520,2,1585.59,1078480886,353891.00,112.142,1.152,10.456,41.250,False,72.516,49.054,1510.2,1520.9,1524.2,1523.9,1527.2,1513.8,1564.0,1525.9,1535.1,1507.5,1525.2,1531.6,1663.8,1658.8,1686.4,1669.4,1681.2,1679.3,1685.2,1678.1,353488.0,354164.0,353720.0,355152.0,354436.0,354596.0,353340.0,353072.0,354084.0,354124.0,353724.0,354104.0,353800.0,354108.0,353460.0,353348.0,353260.0,354120.0,353296.0,354424.0
23-04-25_20:13:29,lz4,1048576,10485760,3,1729.24,1079825345,332274.00,131.362,1.029,15.925,49.439,True,70.732,47.641,1570.7,1728.2,1752.2,1729.2,1764.6,1717.0,1761.5,1739.8,1734.9,1727.1,1757.5,1739.8,1722.5,1735.6,1733.8,1729.4,1725.5,1739.6,1738.6,1737.6,331904.0,331760.0,333052.0,333660.0,331544.0,331996.0,331992.0,332012.0,332204.0,332532.0,332780.0,331592.0,332640.0,331316.0,331812.0,332504.0,331796.0,332504.0,332508.0,333372.0
23-04-25_20:15:33,lz4,1048576,20971520,3,1529.04,1078480886,375766.60,104.576,1.152,4.921,36.883,False,73.367,49.821,1468.0,1616.9,1621.0,1659.0,1616.0,1488.9,1480.4,1622.7,1606.5,1489.2,1487.3,1500.8,1520.5,1471.2,1485.8,1500.8,1493.5,1478.1,1488.4,1485.7,375436.0,376444.0,376540.0,375076.0,375088.0,375656.0,375644.0,375548.0,375656.0,376060.0,375732.0,375556.0,376128.0,375248.0,375336.0,376548.0,376372.0,375500.0,376104.0,375660.0
23-04-25_20:17:33,lz4,1048576,10485760,2,1545.84,1079825345,316080.00,106.823,1.029,20.023,42.625,False,71.774,48.208,1551.3,1557.7,1534.9,1594.9,1544.9,1534.8,1525.3,1539.9,1547.9,1539.8,1536.0,1541.8,1536.5,1538.2,1559.8,1539.6,1551.1,1535.3,1552.5,1554.7,315836.0,316824.0,315700.0,315628.0,316824.0,315832.0,315456.0,315692.0,315996.0,317412.0,315896.0,315436.0,317432.0,316212.0,316684.0,315780.0,315416.0,316124.0,315308.0,316112.0
23-04-25_20:19:31,lz4,1048576,10485760,2,1560.55,1079825345,315995.00,108.792,1.029,20.045,43.288,False,69.561,48.318,1550.5,1560.2,1544.9,1533.6,1625.2,1569.1,1550.4,1563.6,1554.7,1565.6,1595.3,1555.4,1548.3,1546.2,1569.5,1550.7,1551.4,1561.5,1547.6,1567.2,316764.0,315408.0,316440.0,316140.0,316676.0,316012.0,315920.0,315724.0,315168.0,315124.0,315592.0,315600.0,315740.0,315620.0,315720.0,316720.0,316320.0,315940.0,316468.0,316804.0
23-04-25_20:21:34,lz4,1048576,20971520,3,1496.34,1078480886,376130.60,100.200,1.152,4.829,35.393,False,73.491,49.723,1489.2,1480.8,1505.0,1488.1,1477.6,1480.3,1564.8,1484.4,1496.4,1464.1,1597.4,1489.3,1471.8,1496.1,1460.5,1501.7,1469.8,1519.8,1488.9,1500.6,375264.0,375628.0,377060.0,376348.0,375568.0,376568.0,375760.0,376380.0,375680.0,376344.0,375056.0,375320.0,376536.0,376344.0,376412.0,377088.0,376452.0,375992.0,376364.0,376448.0
23-04-25_20:23:34,lz4,2097152,10485760,3,1651.83,1079825345,332477.40,121.004,1.029,15.874,45.969,False,71.619,48.003,1556.7,1600.1,1532.5,1727.9,1732.3,1724.4,1725.0,1735.3,1742.2,1760.9,1713.7,1720.7,1704.5,1718.9,1536.7,1536.3,1610.3,1533.4,1571.7,1553.0,332284.0,333136.0,331680.0,332104.0,333340.0,331560.0,332896.0,332280.0,331716.0,332484.0,332064.0,333036.0,332484.0,332520.0,331556.0,333440.0,333396.0,333128.0,332536.0,331908.0
23-04-25_20:25:31,lz4,1048576,10485760,2,1556.79,1079825345,316044.20,108.289,1.029,20.032,43.116,False,69.475,48.299,1548.2,1588.1,1542.8,1639.5,1553.8,1541.8,1558.5,1544.0,1551.1,1542.4,1553.1,1537.6,1543.7,1553.9,1526.3,1547.6,1549.2,1609.4,1556.3,1548.6,316076.0,316392.0,315172.0,315956.0,316236.0,315916.0,315644.0,316184.0,315220.0,316836.0,316020.0,315316.0,316008.0,315756.0,316796.0,316144.0,316020.0,316452.0,315956.0,316784.0
23-04-25_20:27:31,lz4,524288,10485760,3,1567.56,1079825339,332975.00,109.729,1.029,15.748,42.169,False,70.821,48.705,1559.9,1553.5,1549.7,1568.3,1569.9,1571.0,1548.9,1553.9,1565.8,1564.8,1545.3,1556.5,1555.9,1577.1,1591.6,1558.3,1576.3,1561.1,1617.3,1606.1,332796.0,332364.0,338112.0,337860.0,331760.0,331920.0,331792.0,331516.0,333064.0,332832.0,332896.0,332832.0,332164.0,333392.0,331548.0,333164.0,331904.0,333104.0,333076.0,331404.0
23-04-25_20:29:29,lz4,2097152,10485760,3,1646.18,1079825345,332181.40,120.248,1.029,15.949,45.742,False,69.987,48.130,1567.4,1561.7,1565.9,1560.1,1569.3,1561.6,1543.9,1559.5,1575.8,1555.8,1718.0,1735.8,1715.1,1723.5,1718.2,1764.0,1721.2,1742.4,1728.3,1736.2,332612.0,331904.0,331692.0,331776.0,332088.0,331240.0,332288.0,331644.0,333036.0,331656.0,331812.0,333092.0,333132.0,332220.0,332756.0,331924.0,333320.0,332556.0,331712.0,331168.0
23-04-25_20:31:28,lz4,1048576,10485760,2,1719.81,1079825345,316295.80,130.100,1.029,19.968,50.366,True,70.791,47.563,1546.3,1705.8,1810.8,1825.8,1717.8,1712.8,1693.6,1712.9,1707.6,1764.2,1722.7,1712.6,1746.7,1799.9,1701.4,1702.1,1690.1,1705.0,1711.5,1706.7,315392.0,316748.0,315676.0,317408.0,315640.0,316172.0,316388.0,315080.0,315988.0,316748.0,316808.0,316888.0,315740.0,315972.0,317360.0,316708.0,314964.0,316008.0,317356.0,316872.0
23-04-25_20:33:27,lz4,1048576,10485760,3,1564.86,1079825345,332330.60,109.368,1.029,15.911,42.103,False,71.408,48.416,1552.5,1550.3,1559.6,1590.9,1574.6,1589.5,1564.5,1555.4,1555.0,1571.4,1555.4,1570.8,1552.4,1560.8,1548.4,1570.0,1555.8,1548.5,1596.4,1574.9,332524.0,333112.0,332444.0,332208.0,332796.0,331660.0,332868.0,331756.0,332892.0,331932.0,331772.0,331732.0,332884.0,332444.0,331220.0,332104.0,333176.0,331760.0,332764.0,332564.0
23-04-25_20:35:21,zstd,1048576,10485760,2,1243.08,861535177,313634.20,66.316,21.036,20.642,35.998,False,61.521,52.383,1237.8,1245.5,1265.7,1239.2,1244.2,1243.9,1238.4,1249.7,1246.8,1245.5,1233.3,1238.8,1243.8,1246.1,1244.9,1237.8,1240.2,1235.6,1249.7,1234.7,313724.0,314108.0,313800.0,313724.0,313540.0,314432.0,313268.0,312472.0,312860.0,314384.0,314460.0,312948.0,313684.0,315096.0,313440.0,314448.0,312976.0,312484.0,313032.0,313804.0
23-04-25_20:37:22,lz4,1048576,20971520,2,1527.68,1078480886,353815.80,104.394,1.152,10.475,38.674,False,71.097,49.287,1520.6,1542.0,1521.1,1554.0,1513.5,1519.9,1553.3,1525.5,1518.9,1523.1,1509.9,1547.1,1518.8,1536.9,1523.5,1524.9,1526.6,1531.9,1527.2,1514.9,355140.0,353296.0,353300.0,353332.0,355148.0,354396.0,353752.0,353724.0,353304.0,354096.0,353372.0,353676.0,353540.0,353336.0,353400.0,353520.0,354404.0,355088.0,353372.0,353120.0
23-04-25_20:39:21,lz4,1048576,10485760,1,1513.25,1079825345,304768.20,102.463,1.029,22.885,42.126,False,71.096,48.193,1506.7,1509.3,1499.6,1512.6,1510.2,1512.1,1516.2,1525.9,1530.7,1499.2,1521.9,1506.7,1497.7,1516.4,1516.1,1514.3,1500.1,1510.2,1535.0,1524.0,303868.0,304512.0,305724.0,305724.0,304824.0,305128.0,309916.0,303976.0,304484.0,304876.0,305420.0,309452.0,304660.0,298628.0,304832.0,298628.0,305492.0,305084.0,305712.0,304424.0
23-04-25_20:41:19,lz4,2097152,10485760,2,1669.70,1079825345,316165.00,123.395,1.029,20.001,48.142,False,70.383,47.852,1542.8,1546.3,1557.8,1549.1,1552.3,1554.2,1723.9,1719.7,1719.5,1720.3,1714.2,1724.1,1730.7,1726.6,1720.8,1717.5,1726.3,1721.8,1714.9,1711.4,316716.0,315720.0,316132.0,315664.0,316768.0,315832.0,315660.0,315320.0,316356.0,317408.0,316748.0,315136.0,316876.0,316012.0,316420.0,315596.0,316192.0,316784.0,316796.0,315164.0
23-04-25_20:43:19,lz4,1048576,20971520,2,1634.86,1078480886,353949.00,118.734,1.152,10.441,43.442,False,70.976,48.822,1541.5,1513.2,1527.8,1524.4,1528.5,1537.8,1676.6,1651.8,1674.6,1724.7,1662.4,1669.5,1688.5,1676.1,1727.3,1724.7,1640.5,1667.2,1667.3,1672.8,353480.0,354552.0,355076.0,354584.0,354172.0,353344.0,354116.0,354444.0,353504.0,353068.0,353604.0,354532.0,353612.0,353720.0,353268.0,353748.0,353716.0,354608.0,354420.0,353412.0
23-04-25_20:45:13,zstd,1048576,10485760,2,1239.48,861535177,313628.40,65.834,21.036,20.643,35.838,False,61.122,52.557,1233.1,1234.6,1235.9,1257.0,1261.1,1239.1,1242.0,1238.5,1240.8,1230.4,1241.7,1241.5,1237.3,1231.9,1231.7,1234.7,1233.7,1236.0,1253.0,1235.5,314464.0,313028.0,313336.0,314476.0,313736.0,313644.0,313648.0,314476.0,313468.0,313416.0,313464.0,313668.0,312840.0,313432.0,313452.0,314124.0,313800.0,313744.0,313692.0,312660.0
23-04-25_20:47:11,lz4,1048576,10485760,3,1592.39,1079825345,332855.20,113.051,1.029,15.778,43.286,False,69.710,48.646,1590.1,1581.8,1586.5,1591.4,1631.3,1630.7,1584.9,1585.6,1584.8,1590.6,1575.8,1606.5,1586.2,1582.0,1588.0,1561.8,1605.3,1594.9,1606.3,1583.3,332812.0,332068.0,333456.0,332592.0,333396.0,333736.0,331568.0,333976.0,331844.0,331940.0,333332.0,332244.0,332644.0,333276.0,332944.0,332032.0,333496.0,333136.0,333104.0,333508.0
23-04-25_20:49:10,lz4,2097152,10485760,2,1688.52,1079825345,316111.20,125.913,1.029,20.015,48.986,False,70.785,47.679,1593.8,1559.5,1572.6,1556.0,1563.1,1741.0,1728.0,1727.3,1720.7,1723.1,1711.5,1765.1,1728.1,1712.4,1733.3,1727.7,1716.2,1736.4,1705.3,1749.5,317416.0,315932.0,317444.0,316112.0,316404.0,315624.0,316420.0,315420.0,315620.0,315632.0,316304.0,316132.0,316172.0,316464.0,315116.0,316140.0,316440.0,315980.0,315612.0,315840.0
23-04-25_20:51:10,lz4,2097152,10485760,2,1552.62,1079825345,315843.80,107.730,1.029,20.083,42.947,False,71.813,48.318,1547.1,1542.8,1577.9,1552.6,1542.9,1552.5,1563.5,1547.7,1548.8,1566.7,1532.7,1556.6,1553.0,1553.5,1554.4,1549.5,1554.5,1561.7,1543.0,1551.1,316300.0,316468.0,316184.0,316688.0,315084.0,315960.0,314964.0,315456.0,315172.0,316776.0,315596.0,315624.0,315692.0,315112.0,315592.0,316004.0,315080.0,316716.0,316788.0,315620.0
23-04-25_20:53:06,zstd,1048576,10485760,2,1231.87,861535177,313664.00,64.817,21.036,20.634,35.496,False,62.678,52.679,1229.4,1234.9,1236.3,1234.4,1236.9,1228.8,1225.0,1236.3,1227.9,1227.0,1232.5,1233.8,1232.7,1233.5,1230.7,1224.8,1234.6,1237.3,1228.5,1232.4,314092.0,313628.0,313472.0,312676.0,313456.0,314132.0,313324.0,313672.0,313284.0,314428.0,313740.0,313360.0,314144.0,313632.0,313348.0,314488.0,313652.0,313332.0,314524.0,312896.0
23-04-25_20:55:06,lz4,1048576,20971520,2,1544.02,1078480886,354127.20,106.580,1.152,10.396,39.376,False,71.716,49.150,1548.3,1529.2,1552.5,1553.4,1583.2,1545.6,1543.3,1539.8,1554.8,1528.9,1543.5,1537.5,1524.7,1559.4,1522.4,1528.2,1530.6,1575.2,1538.3,1541.6,353132.0,354592.0,355156.0,354468.0,353260.0,354428.0,354132.0,355100.0,353344.0,355100.0,353364.0,355148.0,353276.0,354128.0,354076.0,354308.0,353380.0,354612.0,354184.0,353356.0
