time,compression,Page Size,Cluster Size,Cluster Bunch,throughput(MB/s),size(MB),memory,throughput_increase(%),size_decrease(%),memory_decrease(%),performance(%),accepted,writing_time,processing_time,res_0,res_1,res_2,res_3,res_4,res_5,res_6,res_7,res_8,res_9,res_10,res_11,res_12,res_13,res_14,res_15,res_16,res_17,res_18,res_19
23-04-24_20:37:40,lz4,65536,52428800,1,484.74,3464719652,317112,0.000,0.000,0.000,0.000,True,0.000,18.518,436.0,484.4,485.8,491.9,484.6,487.6,484.2,485.5,485.5,497.5,485.1,486.6,485.1,487.3,485.3,486.3,486.7,486.6,491.6,491.2
23-04-24_20:42:45,lz4,65536,52428800,2,539.52,3464719649,317908,11.301,0.000,-0.251,3.683,True,286.374,18.913,535.2,535.8,533.2,552.1,534.6,532.5,538.9,548.9,537.1,531.9,542.3,536.2,533.9,551.6,536.2,534.2,536.2,550.5,549.9,539.2
23-04-24_20:49:41,zstd,65536,52428800,2,441.75,2698706664,310172,-8.867,22.109,2.189,5.143,True,397.590,18.824,442.5,443.1,441.9,439.6,442.3,442.0,442.5,442.4,445.8,440.8,440.1,440.2,442.2,442.6,441.4,441.0,442.9,442.3,440.6,439.2
23-04-24_20:56:38,zstd,65536,104857600,2,425.12,2695868410,297540,-12.299,22.191,6.172,5.354,True,397.909,18.383,426.1,424.9,424.8,424.8,424.8,424.1,424.1,424.2,423.3,426.1,426.2,426.5,425.8,426.5,424.7,425.8,425.0,423.6,426.7,424.5
23-04-24_21:03:32,zstd,65536,104857600,1,427.22,2695868410,294460,-11.866,22.191,7.143,5.823,True,396.143,18.385,426.6,428.6,427.4,427.7,426.0,429.6,427.1,426.6,428.5,427.2,429.3,424.7,428.2,426.7,426.4,425.5,426.1,428.6,426.2,427.5
23-04-24_21:10:49,zstd,131072,104857600,1,591.84,2672594714,289164,22.095,22.863,8.813,17.924,True,419.414,17.930,590.4,589.5,590.1,590.1,592.6,591.0,592.3,593.0,594.9,594.0,592.8,589.7,589.7,592.3,589.6,596.5,597.0,591.5,591.6,588.4
23-04-24_21:18:20,zstd,262144,104857600,1,769.76,2605084188,285528,58.800,24.811,9.960,31.190,True,432.515,17.618,755.4,764.2,765.9,770.3,767.9,770.6,767.8,776.8,776.7,769.8,769.1,775.8,767.8,771.3,763.3,771.0,769.2,775.2,769.6,777.6
23-04-24_21:25:38,zstd,131072,104857600,1,596.57,2672594714,287824,23.069,22.863,9.236,18.389,False,420.259,17.901,594.9,599.9,592.2,594.4,597.4,598.7,591.7,593.2,604.3,592.7,598.1,597.7,599.4,595.4,595.5,603.9,594.5,595.1,597.3,595.1
23-04-24_21:33:03,zstd,262144,52428800,1,613.82,2618117012,298124,26.629,24.435,5.988,19.017,False,426.997,18.111,611.9,617.9,611.9,611.4,611.6,615.0,613.6,613.1,618.7,612.4,614.6,605.9,619.6,611.3,615.3,617.2,613.5,620.2,609.6,611.9
23-04-24_21:38:43,zstd,524288,104857600,1,785.28,2561734956,285640,62.001,26.062,9.925,32.663,True,322.424,17.683,786.6,782.1,788.1,792.6,778.5,789.3,784.7,787.1,781.7,787.9,783.8,785.5,787.4,789.6,788.3,786.9,785.0,780.7,791.5,768.3
23-04-24_21:44:20,zstd,1048576,104857600,1,785.25,2560540026,285120,61.995,26.097,10.089,32.727,True,319.638,17.589,786.2,786.6,780.7,785.3,789.6,784.8,777.0,784.8,785.9,786.5,785.4,788.1,786.4,786.0,780.3,790.8,789.6,792.5,773.7,784.5
23-04-24_21:50:01,zstd,524288,104857600,1,796.06,2561734956,285748,64.225,26.062,9.891,33.392,True,322.765,17.659,792.6,787.2,800.3,817.2,799.8,805.0,782.7,796.0,795.9,807.8,789.2,793.1,796.0,786.7,794.6,798.7,791.5,799.5,794.9,792.5
23-04-24_21:55:39,zstd,524288,104857600,2,806.10,2561734956,286140,66.295,26.062,9.767,34.041,True,320.613,17.672,803.2,798.8,798.2,810.2,808.9,811.0,807.4,802.6,803.9,816.7,805.8,811.8,797.1,810.4,806.1,803.2,805.0,811.4,804.3,805.9
23-04-24_22:01:17,zstd,524288,104857600,3,804.90,2561734956,286560,66.049,26.062,9.634,33.915,True,320.710,17.680,805.1,806.8,807.5,804.4,801.5,797.8,806.4,805.7,811.6,803.4,801.4,807.4,802.7,807.0,801.1,809.4,801.5,808.8,805.6,802.9
23-04-24_22:07:01,zstd,524288,104857600,2,790.83,2561734956,285384,63.146,26.062,10.005,33.071,True,325.772,17.648,786.8,789.6,797.0,788.8,792.2,790.0,789.6,786.9,791.1,784.7,790.5,798.5,792.0,780.0,800.5,795.2,787.7,791.8,793.1,790.8
23-04-24_22:14:34,zstd,262144,104857600,2,769.17,2605084188,286984,58.678,24.811,9.501,30.997,False,435.331,17.704,773.2,767.2,767.9,770.1,761.1,770.6,769.7,778.3,771.9,767.6,775.2,767.0,785.6,762.2,767.3,762.2,771.3,762.6,762.1,770.5
23-04-24_22:22:04,zstd,262144,104857600,2,764.78,2605084188,287292,57.771,24.811,9.404,30.662,False,432.391,17.740,764.3,762.6,760.2,765.4,762.8,763.7,763.8,771.4,769.2,761.8,764.0,764.3,764.7,761.7,767.8,763.6,764.9,762.9,769.2,767.3
23-04-24_22:27:48,zstd,524288,104857600,3,808.30,2561734956,287384,66.749,26.062,9.375,34.062,True,326.387,17.663,806.8,806.2,805.5,805.2,810.6,811.0,820.6,808.2,796.5,808.7,805.5,811.0,810.5,807.7,820.3,810.1,802.5,802.2,802.7,814.4
23-04-24_22:35:20,zstd,262144,104857600,3,755.17,2605084188,287552,55.788,24.811,9.322,29.974,False,433.739,17.742,754.6,749.8,758.0,757.2,756.7,751.4,751.8,754.5,754.5,749.5,760.8,753.3,756.4,746.9,756.5,757.9,755.2,755.3,763.4,759.7
23-04-24_22:40:58,zstd,524288,157286400,3,848.73,2552740550,284720,75.090,26.322,10.215,37.209,True,320.473,17.594,853.2,864.3,836.7,840.1,846.0,842.5,865.3,850.2,848.5,850.4,851.6,842.5,847.7,851.3,853.4,843.7,848.4,849.1,854.2,835.6
23-04-24_22:46:37,zstd,524288,104857600,3,800.95,2561734956,287964,65.234,26.062,9.192,33.496,False,321.454,17.649,805.0,799.8,795.9,808.2,796.9,799.4,800.8,797.2,800.1,804.0,798.1,806.4,798.4,800.1,802.6,802.5,799.8,806.4,805.7,791.8
23-04-24_22:54:19,zstd,262144,157286400,3,812.10,2602783177,285752,67.534,24.878,9.889,34.100,False,444.852,17.707,815.3,809.3,812.7,811.8,807.5,805.3,813.2,815.8,816.3,805.4,817.3,810.3,802.2,810.9,813.1,813.5,820.6,813.1,812.4,816.0
23-04-24_22:59:55,zstd,524288,157286400,2,862.05,2552740550,284048,77.838,26.322,10.427,38.196,True,318.699,17.484,855.1,860.2,858.7,860.5,853.2,878.7,868.7,876.2,862.6,859.2,857.2,862.2,864.8,859.6,859.1,855.6,865.7,861.4,859.5,862.9
23-04-24_23:05:34,zstd,524288,104857600,2,796.35,2561734956,286348,64.285,26.062,9.701,33.349,False,320.578,17.602,794.2,799.9,799.3,802.1,799.0,793.7,785.3,811.5,789.9,788.5,793.0,797.6,788.0,814.3,796.3,787.6,811.4,790.8,792.9,791.7
23-04-24_23:10:56,lz4,524288,157286400,2,976.40,3343788685,287020,101.427,3.490,9.489,38.136,True,305.159,17.505,968.3,968.3,955.4,971.7,980.5,978.7,964.7,978.3,979.8,959.7,967.4,980.0,1005.0,973.8,981.3,973.1,979.4,979.6,1007.7,975.2
23-04-24_23:16:18,lz4,524288,157286400,1,1009.57,3343788685,285660,108.272,3.490,9.918,40.560,True,304.729,17.287,994.0,1011.0,1006.5,991.4,1018.1,1015.8,1040.0,1018.1,1004.4,1020.6,1007.3,999.7,1009.5,1010.5,988.5,1009.4,1042.1,1001.5,1009.6,993.4
23-04-24_23:21:39,lz4,524288,104857600,1,907.88,3349585070,292024,87.292,3.323,7.911,32.842,False,303.262,16.926,908.1,912.4,903.5,908.6,905.7,911.1,916.5,912.3,904.1,911.7,900.5,906.5,907.3,899.8,906.0,899.2,912.5,910.6,907.4,913.9
23-04-24_23:27:01,lz4,524288,157286400,2,985.14,3343788685,286956,103.230,3.490,9.510,38.743,False,305.263,17.342,989.7,985.5,990.7,974.3,980.3,988.7,989.5,991.8,980.4,983.1,974.1,993.7,985.4,994.6,981.5,984.9,985.4,986.0,977.7,985.4
23-04-24_23:32:23,lz4,524288,157286400,2,1007.88,3343788685,287864,107.922,3.490,9.223,40.212,True,304.308,17.340,990.2,1008.5,1001.5,1016.5,1001.2,1001.9,1005.8,1004.9,1002.9,1012.0,1004.4,1011.8,1011.3,1005.3,1015.8,1032.5,1007.8,1009.7,1004.1,1009.5
23-04-24_23:37:44,lz4,524288,104857600,2,866.34,3349585070,291840,78.723,3.323,7.969,30.005,False,304.024,17.612,862.3,858.8,863.6,871.0,883.1,872.3,871.2,875.4,863.3,865.5,857.1,860.0,866.4,862.8,870.0,865.8,863.1,867.6,861.1,866.3
23-04-24_23:43:25,zstd,524288,157286400,2,845.34,2552740550,283892,74.390,26.322,10.476,37.063,False,322.601,17.618,853.3,842.6,852.7,846.9,845.4,844.1,825.6,851.0,842.4,848.6,851.7,843.9,846.9,836.9,853.3,839.4,849.0,846.0,841.0,846.2
23-04-24_23:48:50,lz4,262144,157286400,2,958.36,3367674951,285772,97.706,2.801,9.883,36.797,False,308.051,17.502,966.4,954.7,957.8,957.8,953.6,957.5,948.5,959.5,968.9,948.2,965.0,954.9,958.6,963.5,970.6,952.4,961.8,952.7,953.4,961.2
23-04-24_23:54:10,lz4,524288,104857600,2,860.51,3349585070,290880,77.521,3.323,8.272,29.705,False,302.526,17.612,868.7,869.8,862.1,861.6,857.1,862.6,856.8,849.2,866.3,863.4,857.8,853.6,861.1,864.3,859.6,855.1,855.5,858.8,865.5,861.3
23-04-24_23:59:49,zstd,524288,157286400,2,862.86,2552740550,284704,78.005,26.322,10.220,38.182,False,320.815,17.527,858.2,863.4,862.1,867.2,863.4,853.9,855.5,869.2,858.9,867.6,863.5,855.0,861.7,864.6,863.8,862.2,869.3,867.5,867.2,863.0
23-04-25_00:05:05,lz4,262144,157286400,2,947.47,3367674951,285592,95.459,2.801,9.940,36.067,False,298.714,17.518,949.8,951.0,948.5,943.1,939.6,949.8,950.3,942.1,946.0,944.2,971.7,940.9,942.8,951.7,946.1,940.2,945.4,948.7,946.8,950.6
23-04-25_00:10:25,lz4,524288,157286400,3,980.80,3343788685,288796,102.336,3.490,8.929,38.252,False,302.113,17.447,989.2,976.3,979.0,961.0,978.9,989.0,982.1,987.4,984.5,969.4,983.2,974.9,984.1,977.5,979.2,987.7,987.1,979.1,986.6,980.0
23-04-25_00:15:46,lz4,524288,157286400,3,983.64,3343788685,288916,102.922,3.490,8.891,38.435,False,304.155,17.534,990.3,970.7,987.2,973.9,975.1,988.0,984.5,977.6,978.7,987.4,981.1,1013.5,991.3,977.5,982.3,988.5,981.3,985.0,974.7,984.2
23-04-25_00:21:38,zstd,524288,157286400,2,860.81,2552740550,284772,77.582,26.322,10.198,38.034,False,334.480,17.532,857.2,851.8,866.6,866.9,857.5,861.7,859.8,856.8,879.2,849.1,859.0,860.3,864.8,861.5,851.2,864.8,860.4,866.1,860.2,861.3
23-04-25_00:27:01,lz4,524288,104857600,2,880.09,3349585070,290836,81.559,3.323,8.286,31.056,False,304.933,17.532,886.8,879.5,878.6,876.8,871.2,883.3,880.1,882.7,880.3,877.9,881.1,878.4,880.2,877.2,888.3,885.7,872.5,884.4,877.2,879.6
23-04-25_00:32:22,lz4,524288,104857600,2,851.29,3349585070,292396,75.618,3.323,7.794,28.912,False,303.507,17.587,845.7,850.5,857.0,848.5,850.6,855.6,854.6,850.0,858.4,852.0,854.4,853.9,843.3,841.8,854.5,850.6,849.9,853.7,854.3,846.5
23-04-25_00:37:39,lz4,262144,157286400,2,955.54,3367674951,286096,97.124,2.801,9.781,36.569,False,299.824,17.391,949.9,971.7,948.7,948.2,959.2,956.3,952.1,951.1,961.9,947.8,948.6,953.5,965.1,961.0,955.9,958.4,955.2,955.3,956.6,954.3
23-04-25_00:42:55,lz4,262144,157286400,2,971.06,3367674951,285412,100.326,2.801,9.996,37.708,True,298.772,17.571,971.2,976.2,966.0,975.1,962.6,962.4,973.6,977.3,969.7,972.9,972.4,977.8,972.0,966.6,980.2,967.2,972.2,960.6,970.8,974.4
23-04-25_00:48:17,lz4,524288,157286400,2,966.80,3343788685,288208,99.447,3.490,9.115,37.351,True,304.545,17.480,965.0,960.7,970.3,961.8,976.1,965.3,961.4,961.0,974.5,965.7,976.0,965.2,977.4,949.6,967.7,968.9,974.6,957.6,973.6,963.3
23-04-25_00:53:37,lz4,524288,104857600,2,849.53,3349585070,290632,75.256,3.323,8.350,28.977,False,302.181,17.591,852.8,852.1,853.6,845.8,839.2,854.2,853.5,849.4,843.9,862.3,852.4,846.7,840.8,851.1,848.1,849.8,855.2,852.2,841.4,846.1
23-04-25_00:59:03,lz4,524288,157286400,1,1010.65,3343788685,286896,108.493,3.490,9.528,40.504,True,308.134,17.329,1022.0,1012.7,1017.6,1001.7,1025.6,997.1,1012.1,1021.0,1010.9,1002.8,1009.0,1014.9,1004.1,1005.6,1010.8,1009.3,1006.1,1002.9,1014.9,1011.7
23-04-25_01:04:21,lz4,524288,104857600,1,848.08,3349585070,290920,74.955,3.323,8.260,28.846,False,301.169,17.548,851.5,843.1,841.3,839.2,843.2,849.5,850.9,849.9,850.4,860.1,852.0,841.4,852.8,843.0,854.2,848.3,847.4,844.4,850.9,848.3
23-04-25_01:09:42,lz4,524288,104857600,1,891.48,3349585070,289936,83.910,3.323,8.570,31.934,False,302.981,17.543,891.9,892.6,890.2,893.0,891.4,884.1,894.6,887.2,890.4,887.0,887.6,889.3,893.1,885.0,895.0,894.9,897.7,887.7,899.1,897.6
23-04-25_01:14:59,lz4,524288,104857600,1,877.75,3349585070,290892,81.077,3.323,8.268,30.889,False,299.666,17.636,874.9,870.4,880.7,880.0,878.4,878.5,871.2,878.4,872.9,877.0,870.8,874.4,881.3,887.9,881.0,882.1,877.9,878.2,879.7,879.4
23-04-25_01:20:16,lz4,262144,157286400,1,959.28,3367674951,283848,97.897,2.801,10.490,37.062,False,298.797,17.482,965.1,965.3,958.5,955.4,963.6,959.1,967.2,962.7,967.0,912.3,967.2,966.6,963.8,957.0,966.2,971.3,928.1,972.5,959.8,957.0
23-04-25_01:25:53,zstd,524288,157286400,1,842.19,2552740550,282628,73.741,26.322,10.874,36.979,False,320.373,17.578,834.4,846.1,842.4,843.6,840.9,844.7,839.6,835.1,848.8,840.4,841.4,849.1,841.1,840.7,845.1,834.7,854.9,838.8,831.3,850.7
23-04-25_01:31:39,lz4,524288,104857600,1,864.80,3349585070,290296,78.405,3.323,8.456,30.062,False,328.129,17.643,867.5,860.2,869.7,868.0,857.9,859.4,872.6,855.7,858.2,868.2,862.6,868.7,862.9,864.2,880.9,860.3,861.8,866.8,865.9,864.4
23-04-25_01:36:53,lz4,262144,157286400,1,960.01,3367674951,285564,98.046,2.801,9.949,36.932,False,296.137,17.478,957.2,959.8,954.4,967.6,956.3,957.1,980.7,959.7,951.6,955.2,961.9,958.5,959.7,961.0,964.4,964.3,957.4,961.4,954.2,957.7
23-04-25_01:42:14,lz4,524288,157286400,2,993.08,3343788685,286988,104.868,3.490,9.499,39.286,False,303.681,17.479,999.9,998.6,981.2,984.5,991.5,1001.1,990.8,1003.7,989.8,989.6,984.4,988.5,1004.3,998.7,993.2,991.5,985.9,998.9,991.4,994.1
23-04-25_01:47:53,zstd,524288,157286400,1,854.29,2552740550,283392,76.238,26.322,10.633,37.731,False,321.186,17.608,860.7,846.1,864.3,853.9,868.1,849.6,850.7,845.1,860.5,846.4,855.6,858.8,855.2,851.8,855.6,851.5,852.7,848.1,857.0,853.9
23-04-25_01:53:19,lz4,524288,157286400,2,977.08,3343788685,288052,101.569,3.490,9.164,38.074,False,308.712,17.522,983.4,992.4,989.0,974.4,971.2,990.0,969.5,971.1,975.8,973.2,987.2,973.4,984.6,963.8,975.0,967.3,983.0,972.7,977.6,967.2
23-04-25_01:58:35,lz4,262144,157286400,1,963.82,3367674951,287300,98.833,2.801,9.401,37.012,False,298.930,17.459,968.7,959.6,959.9,939.7,969.8,965.8,974.9,966.6,964.2,972.4,951.6,958.1,973.6,965.4,965.7,967.3,966.5,954.7,964.8,967.2
23-04-25_02:04:14,zstd,524288,157286400,1,838.10,2552740550,283912,72.898,26.322,10.469,36.563,False,320.692,17.497,830.3,844.1,840.0,838.7,841.7,842.7,830.1,825.8,845.4,844.2,841.8,835.1,840.8,838.6,833.8,835.3,842.1,838.6,838.3,834.8
23-04-25_02:09:31,lz4,524288,104857600,1,869.95,3349585070,290232,79.469,3.323,8.477,30.423,False,299.679,17.558,870.3,869.5,865.6,868.7,868.1,875.2,857.4,874.8,864.9,865.6,880.9,872.7,866.4,872.3,880.6,866.5,871.9,875.3,860.8,871.5
23-04-25_02:14:51,lz4,524288,104857600,1,871.16,3349585070,291052,79.718,3.323,8.218,30.420,False,302.360,17.615,866.9,869.9,873.0,864.5,876.4,867.9,869.5,877.2,874.0,864.7,876.1,878.1,870.1,888.9,866.0,866.8,867.5,863.3,870.8,871.8
23-04-25_02:20:29,zstd,524288,157286400,1,855.35,2552740550,282892,76.456,26.322,10.791,37.856,False,320.522,17.625,858.9,848.5,851.4,860.7,859.6,862.4,855.0,862.9,858.3,849.7,855.8,853.3,854.1,846.0,851.3,860.4,857.1,850.8,860.2,850.6
23-04-25_02:26:19,zstd,524288,157286400,1,867.09,2552740550,282236,78.878,26.322,10.998,38.733,True,332.888,17.506,867.5,874.9,870.3,863.3,867.8,871.9,868.6,874.4,855.4,861.5,877.5,868.4,861.2,857.6,865.4,869.6,865.5,864.6,868.3,868.0
23-04-25_02:31:42,lz4,524288,157286400,1,986.11,3343788685,285592,103.430,3.490,9.940,38.954,True,304.823,17.360,985.0,989.7,965.8,991.1,982.0,979.4,982.1,981.9,990.5,990.7,992.4,992.2,988.9,989.4,989.0,989.3,990.5,990.0,981.6,980.5
23-04-25_02:37:02,lz4,524288,157286400,2,994.14,3343788685,288104,105.087,3.490,9.148,39.242,True,302.940,17.459,994.6,1003.5,978.3,999.1,982.6,977.2,997.0,998.9,1000.7,987.3,991.4,1002.5,990.8,1000.5,992.2,1004.6,1000.7,994.8,994.7,991.6
23-04-25_02:42:12,lz4,1048576,157286400,2,979.97,3333405326,287192,102.164,3.790,9.435,38.463,False,292.567,17.400,980.9,984.8,980.9,975.7,980.1,976.3,972.3,979.2,984.5,985.1,980.8,976.8,970.5,963.3,977.5,988.6,987.9,987.2,986.8,980.2
23-04-25_02:47:28,lz4,262144,157286400,2,965.78,3367674951,286024,99.237,2.801,9.803,37.281,False,298.983,17.470,965.4,959.6,956.7,968.5,965.5,962.6,964.6,967.1,969.5,971.0,969.0,967.4,973.6,972.4,960.0,963.1,961.9,963.5,961.9,972.2
23-04-25_02:52:51,lz4,524288,157286400,1,1032.55,3343788685,286416,113.011,3.490,9.680,42.061,True,304.677,17.341,1034.8,1032.4,1038.2,1039.0,1040.3,1041.9,1033.3,1027.3,1027.9,1028.5,1040.1,1036.8,1012.3,1027.4,1023.8,1030.7,1043.8,1036.2,1030.9,1025.5
23-04-25_02:58:05,lz4,262144,157286400,1,966.85,3367674951,283780,99.457,2.801,10.511,37.590,False,297.547,17.409,970.8,964.3,967.0,956.7,972.2,966.0,962.9,972.9,959.0,974.5,972.4,973.1,962.9,967.2,971.8,961.5,962.9,970.3,954.3,974.0
23-04-25_03:03:22,lz4,262144,157286400,1,938.89,3367674951,283820,93.689,2.801,10.498,35.663,False,298.661,17.455,946.5,937.5,940.9,946.3,941.3,941.3,930.5,938.2,937.8,941.8,941.1,930.8,941.0,939.4,925.9,933.5,962.8,940.7,930.3,930.0
23-04-25_03:08:41,lz4,524288,157286400,2,1001.73,3343788685,286968,106.653,3.490,9.506,39.883,False,302.104,17.481,1007.7,996.0,1031.5,1005.6,1006.7,999.7,999.5,1000.9,999.3,1003.7,999.7,999.6,983.3,998.5,996.4,1002.2,1000.6,1006.3,995.0,1002.5
23-04-25_03:13:56,lz4,262144,157286400,1,946.53,3367674951,284248,95.267,2.801,10.364,36.144,False,297.383,17.462,940.3,938.4,943.0,936.0,946.3,947.7,949.6,947.9,947.6,955.0,949.0,947.6,943.0,951.9,944.9,945.1,953.8,950.0,941.7,952.0
23-04-25_03:19:18,lz4,524288,157286400,2,996.28,3343788685,286700,105.528,3.490,9.590,39.536,False,304.341,17.467,996.9,997.6,1023.8,987.0,1005.7,995.0,998.7,988.5,989.5,993.2,985.8,990.1,1009.0,998.3,993.1,994.4,984.1,990.9,1000.0,1003.9
23-04-25_03:24:36,lz4,524288,104857600,1,845.43,3349585070,292028,74.409,3.323,7.910,28.548,False,301.057,17.536,845.5,847.5,844.7,850.0,850.5,847.9,838.2,841.8,844.8,848.9,844.3,837.6,844.8,851.7,841.9,854.9,844.4,848.7,838.5,842.1
23-04-25_03:29:52,lz4,262144,157286400,1,973.32,3367674951,284224,100.793,2.801,10.371,37.988,False,298.257,17.433,969.3,975.2,990.3,983.7,979.5,979.7,975.0,970.3,966.9,968.7,969.4,974.8,974.3,972.1,971.9,951.1,966.9,976.6,970.8,979.8
23-04-25_03:35:08,lz4,262144,157286400,1,961.71,3367674951,285276,98.397,2.801,10.039,37.079,False,298.214,17.501,974.6,956.9,953.2,954.3,961.3,947.1,967.1,962.6,973.6,945.5,960.1,948.7,963.3,989.1,959.8,967.6,965.8,957.8,961.0,964.8
23-04-25_03:40:30,lz4,524288,157286400,2,985.09,3343788685,288080,103.221,3.490,9.155,38.622,False,304.396,17.399,991.0,979.7,984.2,997.7,999.3,983.3,979.6,969.4,986.3,976.5,993.6,985.8,992.3,991.8,988.5,976.2,981.0,984.8,984.7,976.1
23-04-25_03:46:08,zstd,524288,157286400,1,848.69,2552740550,283360,75.082,26.322,10.644,37.349,False,320.802,17.558,841.8,849.6,844.3,851.3,858.2,847.5,853.9,848.3,847.1,873.7,842.5,837.4,842.6,859.3,841.5,839.6,852.7,852.3,840.9,849.2
23-04-25_03:51:24,lz4,262144,157286400,1,953.55,3367674951,283856,96.715,2.801,10.487,36.668,False,298.069,17.425,934.9,951.9,966.8,956.9,951.7,942.3,962.8,947.3,961.1,961.6,949.2,952.6,957.1,956.9,958.6,948.0,947.2,955.2,956.3,952.5
23-04-25_03:56:36,lz4,262144,157286400,1,964.66,3367674951,284468,99.005,2.801,10.294,37.367,False,295.408,17.395,968.1,968.5,963.5,968.9,968.5,957.1,971.8,967.9,963.6,962.1,969.7,959.8,966.4,958.1,965.1,969.8,952.6,959.2,965.1,967.3
23-04-25_04:01:51,lz4,262144,157286400,1,956.17,3367674951,285020,97.255,2.801,10.120,36.725,False,297.389,17.473,977.0,951.8,965.8,954.0,949.7,956.7,963.4,951.8,943.2,955.9,958.9,960.8,942.4,961.4,953.5,948.1,959.4,960.6,953.6,955.2
23-04-25_04:07:04,lz4,262144,157286400,1,971.30,3367674951,283796,100.376,2.801,10.506,37.894,False,295.246,17.397,975.2,981.9,999.2,976.4,975.7,971.1,973.6,968.2,956.8,959.2,964.1,966.5,971.7,970.7,968.7,975.5,964.7,973.2,958.1,975.8
23-04-25_04:12:40,zstd,524288,157286400,1,853.93,2552740550,282032,76.164,26.322,11.062,37.849,False,318.342,17.539,851.2,855.9,846.2,852.3,850.9,856.8,849.2,841.7,846.4,853.8,856.8,858.8,852.5,857.6,858.8,864.7,851.3,858.3,855.1,860.4
23-04-25_04:17:53,lz4,262144,157286400,1,959.85,3367674951,285320,98.013,2.801,10.025,36.947,False,296.235,17.484,955.2,947.0,957.1,953.2,983.3,947.2,959.8,957.0,964.8,958.6,947.8,961.7,956.4,968.5,966.1,960.3,958.0,960.0,967.1,967.6
23-04-25_04:23:32,zstd,524288,157286400,1,853.62,2552740550,282336,76.098,26.322,10.966,37.795,False,320.865,17.493,857.2,853.8,851.8,837.2,851.7,863.5,852.1,846.2,859.8,858.1,846.8,864.6,855.8,847.4,853.9,854.7,856.7,851.2,856.0,853.9
23-04-25_04:29:06,zstd,524288,157286400,1,862.18,2552740550,282212,77.864,26.322,11.006,38.397,False,316.393,17.404,860.9,847.9,868.3,859.6,860.3,855.1,854.0,866.1,867.7,873.9,857.8,869.8,862.0,868.2,863.8,862.8,863.5,861.8,870.0,850.0
23-04-25_04:34:40,zstd,524288,157286400,1,857.44,2552740550,282356,76.887,26.322,10.960,38.056,False,316.614,17.503,857.3,856.6,859.2,858.2,854.7,851.8,862.5,860.7,846.0,846.0,857.1,854.8,878.3,859.1,864.7,858.0,851.1,868.3,854.7,849.6
23-04-25_04:39:51,lz4,1048576,157286400,1,992.26,3333405326,285192,104.700,3.790,10.066,39.519,False,293.919,17.323,994.6,1009.5,1000.8,1001.1,998.2,993.7,1002.1,985.8,989.1,992.3,984.7,985.7,988.1,993.8,989.6,979.7,980.6,984.9,1001.7,989.1
23-04-25_04:45:00,lz4,1048576,157286400,1,971.96,3333405326,286268,100.513,3.790,9.727,38.010,False,291.813,17.409,968.8,978.1,974.7,982.2,959.0,966.0,976.6,967.3,959.9,978.8,970.6,975.2,964.0,971.0,964.5,987.0,976.7,970.2,975.3,973.5
23-04-25_04:50:20,lz4,524288,104857600,1,874.91,3349585070,290712,80.491,3.323,8.325,30.713,False,301.915,17.631,876.7,880.3,875.5,871.7,870.5,876.6,869.6,870.0,874.9,873.6,882.2,878.1,864.7,877.4,872.0,871.6,878.3,874.2,887.0,873.4
23-04-25_04:55:43,lz4,524288,157286400,2,972.91,3343788685,288060,100.708,3.490,9.161,37.787,False,305.327,17.453,969.9,976.8,985.1,979.3,984.8,966.2,973.9,974.2,974.8,971.3,988.3,964.9,972.0,963.9,958.6,976.6,968.1,965.7,968.9,974.7
23-04-25_05:01:03,lz4,524288,104857600,1,865.71,3349585070,289828,78.593,3.323,8.604,30.173,False,302.608,17.598,865.6,867.9,864.5,861.0,858.6,865.1,865.5,867.3,860.2,863.7,867.3,872.6,866.5,873.4,859.7,860.6,870.6,863.6,871.5,869.1
23-04-25_05:06:23,lz4,524288,104857600,1,880.79,3349585070,289724,81.703,3.323,8.637,31.221,False,302.860,17.491,886.4,880.5,873.3,880.2,879.1,880.9,893.4,885.9,880.3,874.9,870.9,879.9,880.0,882.2,875.5,870.7,885.8,885.6,886.2,884.0
23-04-25_05:11:44,lz4,524288,104857600,1,867.79,3349585070,290228,79.023,3.323,8.478,30.275,False,303.393,17.637,858.5,873.5,871.8,875.0,870.8,865.3,864.1,867.7,874.2,864.5,875.8,874.8,867.7,874.8,858.3,871.5,855.4,858.5,866.6,866.8
23-04-25_05:16:55,lz4,1048576,157286400,1,977.55,3333405326,285596,101.666,3.790,9.938,38.465,False,293.700,17.291,979.6,972.8,974.2,983.1,969.1,982.0,974.6,981.2,969.1,982.5,979.9,980.1,973.6,979.4,971.4,990.0,980.7,966.8,977.9,983.1
23-04-25_05:22:13,lz4,524288,104857600,1,850.56,3349585070,289672,75.468,3.323,8.653,29.148,False,300.559,17.652,850.5,854.4,851.3,851.1,854.3,852.2,850.3,846.3,854.4,850.5,848.2,850.9,846.0,847.5,850.1,851.6,846.4,849.5,854.5,851.1
23-04-25_05:27:52,zstd,524288,157286400,1,867.60,2552740550,282324,78.983,26.322,10.970,38.758,False,320.724,17.427,871.4,868.2,860.9,865.4,867.3,865.2,862.7,868.2,871.9,861.4,873.8,871.3,872.9,867.5,868.7,860.5,873.1,867.9,863.5,870.2
23-04-25_05:33:12,lz4,524288,104857600,1,856.96,3349585070,290864,76.788,3.323,8.277,29.463,False,303.135,17.520,859.7,859.2,848.6,858.3,861.7,862.1,862.8,845.0,858.6,848.2,856.7,851.5,862.1,858.9,859.3,857.5,848.0,872.7,853.8,854.5
23-04-25_05:38:31,lz4,524288,104857600,1,850.69,3349585070,291428,75.495,3.323,8.099,28.972,False,300.978,17.643,840.1,846.9,849.9,849.3,856.1,856.4,848.8,852.4,842.4,856.3,848.8,849.9,849.3,850.0,860.9,852.8,852.1,849.8,848.1,853.6
23-04-25_05:44:10,zstd,524288,157286400,1,854.48,2552740550,282076,76.275,26.322,11.048,37.882,False,321.709,17.459,860.4,852.1,857.4,851.9,855.3,855.2,848.8,855.1,855.4,858.2,858.6,844.9,855.2,851.2,855.7,851.9,857.1,850.8,856.0,858.2
23-04-25_05:49:40,lz4,524288,157286400,2,999.73,3343788685,288716,106.242,3.490,8.955,39.562,False,312.200,17.347,1006.4,1008.9,996.7,1001.6,1001.3,986.8,999.6,1008.0,1008.3,997.1,991.4,999.9,998.5,1011.9,987.6,991.1,1004.3,1005.6,992.0,997.7
23-04-25_05:54:58,lz4,524288,104857600,1,877.73,3349585070,291488,81.074,3.323,8.080,30.826,False,301.283,17.425,883.7,878.7,867.2,897.2,882.5,873.3,876.5,879.0,872.9,874.0,872.2,876.9,874.9,870.9,880.5,882.1,882.5,884.0,870.0,875.8
23-04-25_06:00:19,lz4,524288,157286400,2,1006.14,3343788685,288720,107.564,3.490,8.953,40.002,False,303.554,17.442,999.9,1010.8,1007.2,1007.9,1010.2,1015.3,1002.7,1002.9,999.1,1003.8,1011.7,1000.4,1007.2,1008.6,1002.1,1015.7,1000.7,1002.7,1008.1,1005.9
